6,  아침 에 물 를 틀 면 녹물 이 몇 바가지 정도 나오 고 나 서 해결 방법 이 있 는지요 .  
2,  온수기 자체 에서 녹물 이 발생 가능 한가요 .  
1,  씻 을 때 마다 녹물 이 완전 쌧노랗게 나와요 혹시 보일러 가 오래 대거 나 그래서 그런 건가요 ?  
7,  녹물 로 얼굴 씻 었 어요 녹물 로 씻 으면 피부 안 좋 아 지나 요  
5,  녹물 이 나오 는 이유  
3,  옷 에 묻 은 녹물 제거 방법 좀 가르쳐 주 세요  
6,  수돗물 에서 녹물 이 나와요 온수 를 틀 면 더 심해 지 는 거 같 습니다 어떻게 해야 되 죠 ? ?  
6,  살 고 있 는 집 에 수도 에서 녹물 이 가끔 나옵니다 어떻게 대처 해야 할지 좀 알려 주 세요 !  
6,  녹물 제거 간단 한 방법 알려 주 세요  
7,  녹물 로 머리 감 았 어요 이상 이 있 나요 ?  
1,  녹물 이 나와요 보일러 문제 는 아닌가요 ?  
2,  온 수 틀 면 녹물 이 나와서 요  
2,  온 수쪽 에서 나오 는 물 만 누렇 기 때문 이 지요 . 뭐 가 문제 일까요 ?  
6,  세면 데 녹물 안방 화장실 과 거실 화장실 세면대 에서 만 녹물 이 나옵니다 . 문 의 드립니다  
3,  거위 털 패딩 에 녹물 이 묻 었 거든요 ~  
5,  지하수 에서 흙 과 녹물 이 나오 네요 . 무슨 일 인지 알 수 있 을까요 .  
6,  수도관 동파 후 에 세탁기 에서 녹물 이 나옵니다 어찌 해야 하 나요  
6,  수도 를 틀 면 처음 에 녹물 이 나옵니다 . .. 없애 는 방법 이 있 는지 . ...  
3,  한복 을 다리 다가 다리미 녹물 이 얼룩진 거 같 아요  
2,  온수 에서 녹물 이 나왔 습니다 물 을 사용 해도 될까요 ?  
4,  녹물 제거 잘 되 는 필터 추천 해 주 세요  
3,  녹물 이 묻 었 는데요 녹물 없 어 는 방법 좀 요  
3,  카고 바지 에 녹물 이 들 었 습니다 녹물 제거 방법 아 시 는 분 들  
4,  녹물 필터 추천 해 주 세요  
7,  혹시 집 에 나오 는 눈 에 보이 지 않 는 녹물 이 체내 에 영향 을 끼칠 수 잇 나요 ?  
5,  온수 를 틀 면 녹물 같 은 게 나옵니다 너무 찝찝 하 네요  
6,  녹물 해결 방법 좀 알려 주 세요 .  
6,  화장실 에서 녹물 이 나오 네요 ! 온 수 만 틀 면 그렇게 됩니다 ! !!!!!!!! 답변 부탁 !  
6,  온 수틀 때 마다 녹물 이 나와요 .  
3,  흰 털옷 에 녹물 이 묻 었 는데 어떻게 세탁 해야 깨끗 하 게 지워 지 나요 ?  
6,  보일러 배관 녹물 제거 방법 을 알 고 싶 습니다 .  
6,  15 년 된 아파트 인데 녹물 이 나옵니다 . 어떻게 해결 해야 하 는지 도와 주 세요 ~  
7,  녹물 로 씻 었 는데 괜찮 나요 ?  
6,  온수 를 틀 면 365 일 녹물 이 나옵니다 . 저희 집 차원 에서 개선 해 볼 수 있 을 만 한 방법 이 없 을까요 ?  
1,  보일러 배관 청소 하 면 집 에서 쓰 는 수돗물 에서 녹물 안 나오 나요 ?  
6,  녹물 때문 에 미칠 것 같 습니다 . 녹물 안 나오 게 하 려면 뭘 바꿔야 하 는 거 죠 . ?  
6,  최근 이 사 왔 는데 물 을 틀 면 초반 엔 무조건 녹물 이 나오 네요 . 이거 어떻게 해야 하 나요 ?  
3,  옷 을 말리 다 건조대 에 녹물 이 묻 었 는데 방법 좀 알려 주 세요 .  
6,  화장실 배관 에서 녹물 과 검 은 가루 가 섞여 나오 네요 어떻게 해야 할까요 ?  
6,  수도관 에서 녹물 이 나와요 . . 방법 이 있 으면 알려 주 시 구요  
6,  저희 집 에서 녹물 이 조금 나오 는 거 같 은데요 어떡 해야 할까요  
1,  보일러 온수 를 자주 사용 하 지 않 아서 일 주일 에 한 번 틀 거든요 한 번 씩 틀 때 마다 꼭 녹물 이 2 - 3 초간 나옵니다 이거 심각 한 건가요 ?  
3,  옷 녹물 제거 법 알려 주 세요 혼자 힘 으로 할 수 있 는 방법 이 있 나 해서 질문 올립니다 . .  
7,  머리 감 고 있 는데 녹물 이 나왔 어요 몸 에 문제 생기 진 않 겠 죠 ?  
6,  수돗물 에서 녹물 이 나와요 어느 부분 이 문제 인지 . .?  
6,  노후 아파트 녹물 나오 는 데 괜찮 을까요 방법 이 있 으면 알려 주 시 면 도움 이 될 것 같 습니다 .  
5,  노후 아파트 에 녹물 은 왜 쓸 때 마다 나오 나요 ?  
3,  옷 에 녹물 이 뭍 었 는데요 레몬 이 좋 다고 해서 레몬 잘라서 묹 문질렀 는데 잘 안 지워 지 네요 . . 어떻게 해야 하 나요 ?  
7,  녹물 로 양치질 을 했 습니다 ㅜㅜ 처음 에 는 물 이 괜찮 았 는데 잠시 후 에 보 니 녹물 이 더라구요 . 구강 에 문제 가 생길까 요 ?  
3,"  울엄마 가 하얀 옷 에 자주 녹물 을 묻히 거든요 ? ? 어 쩻든 "" 하얀 옷 에 녹 물든 것 없애 지 는 법 "" 알려 주 세요  "
6,  일반 주택 수돗물 에서 녹물 이 나올 때 ? 어떻게 방법 이 없 을까 여 ?  
6,  온수 라인 에서 녹물 이 좀 나옴 니다 . 보일러 온수 배관 녹물 제거 문의  
6,  보일러 가 동시 온수 저장 탱크   10 t   에서 녹물 이 나와요 녹물 을 제거 하 는 방법 을 알려 주 세요 .  
5,"  녹물 이 나왔 는데 화장실 변기 , 화장실 세면대 , 샤워기 , 주방 전부 다 나오 거든요 어디 가 원인 인 걸까요  "
5,  온 수쪽 이 아침 에 틀 때 녹물 이 나오 는 이유 가 뭔가요 ?  
6,  이사 가 서 물 을 틀 어 봤 는데 처음 에 녹물 이 잔뜩 나오 더니만 한 5 초 ? 틀 어 놓 으니 안 나 더라구여 혹시 괜찮 을까 여  
1,  보일러 를 틀 고 온수 를 사용 하 면 흐리 지만 약간 거무스레 한 녹물 이 나옵니다 . . 보일러 의 문제 일까요  
6,  온수 에서 녹물 이 가끔 씩 나옵니다 . 어디 서 녹물 이 나오 는 건지 어떻게 해야 할지 모르 겠 습니다 .  
6,  물 이 안 나와 배관 을 드 라 이기 로 녹이 니 물 이 나오 는데 온통 녹물 이 었 습니다 . 일단 녹물 이 안 나오 는데 배관 청소 가 필요 한 건지 . .  
5,  세면대 사용 을 저녁 에 하 구 아침 에 틀 면 또 녹물 이 잠깐 나오 다가 다시 안 나옵니다 . .. 인테리어 한 곳 에 말 했 더니 아파트 배관 이 오래 되 서 그럴 수 있 다고 하 는데 . .. 왜 그런 걸까요  
6,  온수 를 틀 었 더니 녹물 과 녹 가루 가 나옵니다 . 빨리 조치 를 취해야 하 는데 . .. 아 시 는 분 신속히 답변 부탁 드립니다 .  
5,  한 달 에 세 네 번 정도 세면대 에서 녹물 이 나와요 . 잘 몰라서 그러 니 꼼꼼 하 게 설명 부탁 드립니다 . .  
7,  얼굴 이랑 생식기 랑 다 그 녹물 로 닦 았 는데 어떡 하 죠 . 한번 씻 은 거 니까 괜찮 겠 죠 ?  
4,  오늘 오후 집 에서 갑자기 녹물 이 나오 는 거 에요 청소 방법 이나 필터 나 추천 좀 해 주 세요  
5,  온수 만 녹물 이 나옵니다 . 이거 왜 이럴까 요 ?  
3,  잘못 하 다가 운동화 쪽 에 녹물 이 들 어 버렸 답니다 . . 녹물 제거 방법 좀 . ..  
6,  녹물 이 싱크대 나 화장실 세탁기 다 나와서 이걸 어찌 해야 될까요 . ..?  
5,"  전원주택 으로 이사 를 왔 는데 녹물 이 엄청 심하 네요 . 녹물 원인 을 모르 겠 으며 , 확실 한 답변 또는 관련 업체 분 들 의 답변 부탁 드립니다 .  "
4,  아파트 에 이사 를 왔 더니 물 틀 자마자 녹물 이 나오 네요 녹물 제거 필터 비용 면 에서 저렴 하 면서 효과 좋 은 게 어떤 게 있 을까요 ?  
6,  물 을 쓰 고 있 는 도중 에 물 나오 는 양 이 줄어들 면서 녹물 이 나옵니다 혹시 해결 방법 은 어떻게 해야 하 는지 알려 주 시 면 감사 하 겠 습니다  
6,  어제 부터 아침 에 욕실 에서 녹물 이 나와요 빨리 조치 를 취해야 할 것 같 은데 이런 경우 어떻게 해야 하 나요  
4,  아파트 녹물 때문 에 고민 인 대요 . .. 그 샤워기 에 필터 기 인가 ? 모 써야 하 는지 좀 갈켜 주 세요 . ..  
7,  믹 서기 에서 녹물 이 나오 는지 도 모르 고 먹 엇 어요 ㅠ 녹물 안 조 은가요 ?  
2,  온수기 를 오래 쓰 다 보 니 녹물 이 이렇게 많이 나왔 습니다 녹물 제거 는 어떻게 해야 할까요  
4,  어떤 녹물 필터 가 괜찮 은 지도 추천 부탁 드립니다  
5,"  수도 사용 시 , 특히 온수 사용 시 에 만 녹물 이 나옵니다 . 이거 무 었 이 문제 일까요 ?  "
7,  목욕 헐 려고 하 넌데 요 녹물 이 나와요 목욕 해도 되 ㅇ요 ?  
7,  녹물 이 피부 에다 으면 해로운 가요 ?  
3,  옷 에 욷은 녹물 제거 법 알려 주 세요  
6,  녹물 이 나옵니다 뭘 해야 할까요 ?  
6,  노랗 게 녹물 이 나와요  
2,  온수 를 틀 었 을 경우 위에 처럼 잠깐 나오 는데요  
6,  녹물 제거 하 는 법  
7,  녹물 로 세수 를 했 는데 괜찮 을까요 ?  
2,  온수 를 틀 어 보 니 녹물 이 잠깐 나오 네요  
6,  녹물 지우 는 방법 좀 알려 주 세요  
2,  온 수틀 때 만 나와서 요  
7,  먹 어도 되 는 건가요 ?  
4,  녹물 제거 되 는 필터 중 에 뭐 가 좋 은가요 ? ?  
2,  뜨거운 물 쪽 틀 면 녹물 이랑 녹 이 심하 게 나옵니다  
7,  양치 를 한번 더 했 는데 이 에 문제 나 이상 이 생기 진 않 겠 죠 ?  
4,  필터 에 대해서 아 는 지식 총동원 부탁 드립니다  
7,  녹물 로 씻 었 어요  
2,  온수 에서 녹물 이 나와요  
2,  온수 를 틀 면 녹물 이 나옵니다  
2,  온수기 자체 에서 녹물 이 발생 가능 한가요  
6,  녹물 안 나오 게 할 수 없 나요  
2,  온수 에서 녹물 이 나옵니다  
5,  녹물 이 나오 는 이유 는 뭘까요 ?  
6,  다른 분 들 은 어떻게 해결 하 고 계시 죠 ? ?  
4,  녹물 제거 필터 효과 어디 가 좋 은가요 ?  
7,  녹물 이 나오 네요 먹 어두 되 는 건가요  
6,  녹물 을 안 나오 는 방법 을 가르쳐 주 세요 ~  
3,  혹시 어 케 지울 까요 ?  
2,  온수 사용 하 면 녹물 이 나왔 요  
2,  온수기 자체 에서 녹물 이 발생 가능 한가요  
4,  좋 았 다 라고 생각 드신 제품 있 으신 분 은 공유 좀 부탁 드릴게요  
7,  녹물 이 나와요 처음 틀 면 2 초 정도 나와요 마셔 도 괜찮 은 가요  
5,  녹물 이 나오 는 것 같 은데 어디 가 문제 인지 아 시 는 분 답변 바랍니다  
7,  첨 에 녹물 나오 고 녹물 이 나오 니 넘 찝찝 해서 요 세균 이 라도 섞여 나온 건 아닐까요  
2,  온수 를 틀 면 처음 에 녹물 이 조금 나옴 니 다  
7,  녹물 로 양치 해도 괜찮 나요 ?  
6,  궁금 한 거 는 본질 적 인 해결 방법 을 찾 고 싶 은데  
4,  필터 추천 ?  
7,  씻 기 두 넘 찝찝 하 구 씻 구 나 면 몸 도 가려운 느낌 이 구 얼굴 에 트러블 도 생겨요  
5,  녹물 이 왜 생기 는지 이해 가 잘 안 가 네요  
6,  냉장고 에서 녹물 이 뚝뚝 떨 어 집니다 어떻게 하 죠  
7,  녹물 샤워 로 인한 뭔 인모 를 간지럼 증 저희 집 샤워기 에서 녹물 이 나오 는 지도 모르 고 반년 ? 정도 샤워 를 했 습니다  
6,  녹물 없애 주 는 장치 를 다는 게 있 나요 ?  
4,  혹시 추천 할 만 한 녹물 제거 필터 가 있 다면 추천 해 주 세요  
4,  녹물 제거 필터 가 있 던데요 . 어디 께 좋 나요 ?  
7,  녹물 을 마셔버렸 습니다 이제 어찌 해야 될까요 ?  
5,  보일러 문제 가 아니 면 배수관 문제 일까요 ?  
2,  온수 에서 만 녹물 이  
5,  세면대 한 쪽 만 녹물 저희 집 세면대 에서 녹물 이 나오 는데요 이유 가 뭔지 알려 주 세요 .  
2,  온수 만 틀 면 처음 엔 녹물 이 나오 는데 뭐 가 문제 인가요 ?  
7,  녹물 샤워 남자 학생 이 구요 샤워 거의 끝 날 때 쯤 갑자기 녹물 이 나와서 요  
2,  온수 녹물 나오 는 이유 알려 주 세요  
7,  최근 여드름 이 낫 지 않 아서 녹물 때문 인 것 같 기에 지식인 에 올려 봅니다 . 녹물 이 끼치 는 영향 등 을 알려 주 세요  
6,  자동차 표면 녹물 제거  
3,  옷 의 오래 된 녹물 제거 법 좀 갈켜 주 세요  
6,  녹물 제거 방법 이거 어떻게 하 죠 ?  
5,  웅진 연수 기 사용 하 고 있 는데 녹물 이 너무 심해서 요 ; ㅁ ; 왜 그런 걸까요 ?  
7,  녹물 몸 에 닿 으면 괜찮 나요 ?  
6,  녹물 제거 방법 좀 알려 주 세요  
2,  온수기 자체 에서 녹물 이 발생 가능 한가요 .  
7,  녹물 로 세수 좀 전 에 녹물 로 세수 하 고 머리 까지 감 았 는데 괜찮 을려 나 요  
3,  옷 에 녹물 이 묻 었 어요 어떤 방법 을 쓰 면 지워 질까 요 ㅠㅠ ?  
3,  바지 녹물 제거 법 좀 요  
3,  옷 에 묻 은 녹물 은 어떻게 지우 나요 옷 에 묻 은 녹물 은 어떻게 지우 나요  
7,  녹물 먹 으며 어떻게 되 나요 ?  
1,  보일러 교체 후 냉수 에서 도 녹물 이 나와요  
6,  전 세집 보일러 고장 과 녹물 이 나오 는데 어떻게 해야 하 나요 ?  
6,  녹물 제거 로 좋 은 정수 방법 은 어떤 건가요 ?  
6,  보일러 가 돌아갈 때 마다 ( 따뜻 한 물 ) 연한 녹물 이 계속 보일러 에서 나옵니다 . 보일 러안 을 갈 아야 하 는 건가요 ?  
6,  찬물 일땐 투명 하 고 깨끗 한데 따뜻 한 물 로 틀 면 색 이 저렇 게 노란 데 괜찮 은 건가요 . ..?  
3,"  옷 에 녹물 이 묻 었 는데 , 어떻게 지우 나요 ?  "
6,  뜨거운 물 에서 녹물 나오 는 거 맞 죠 ? 녹물 이 맞 다면 어찌 대응 해야 하 나요  
6,  씽크 대 와 욕실 샤워기 에서 만 녹물 이 나와요 . 씽크 대 온수 쪽 밸브 를 틀 면 녹물 이 5 초 정도 나옵니다  
7,  녹물 을 장기간 섭취 하 면 어떻게 되 나요 이사 를 왔 는데 녹물 이 나와요  
2,  온수기 자체 에서 녹물 이 발생 가능 한가요  
5,  배관 설치 는 부식 이 없 는 자재 로 설치 하 였 는데 처음 물 을 틀 면 녹물 이 나오 다 맑 은 물 이 나옵니다 . . 수질 검사 를 알아봤으나 기본 적 인 검사 외 는 물 의 성분 을 검사 가 안 된다고 해서 녹물 원인 을 알 방법 이 없 어 이렇게 자문 을 구합니다 .  
7,  녹물 이 인체 에 미치 는 영향 은 무엇 이 죠  
5,  빌라 전체 가 보일러 가 돌아가 는 거 같 고요 뜨거운 물 을 틀 면 녹물 이 5 분 정도 나오 는데요 어디 서 문제 일까요  
7,  녹물 로 생식기 를 씻 었 는데요  
6,  심야 보일러 녹물 제거 방법 있 나요 ? 현재 저희 집 이 6 년 째 심야 보일러 사용 중 입니다 .  
3,  녹 물든 옷 에서 녹물 빼 는 방법 없 나요 ? 그냥 집 에서 쉽 게 뺄 수 있 는 방법 좀 가르쳐 주 세요 . 흰 색면 잠바 에 녹물 이 들 었 습니다 . ..  
7,  아파트 에 녹물 이 너무 나오 는데 물 은 매일 쓰 는 거 라 샤워 할 때 도 너무 찝찝 하 고 생수 를 받 아 쓸 때 도 많 아요  
6,  녹물 나오 면 배수관 을 다 갈 아야 하 나요 ?  
2,  온수기 자체 에서 녹물 이 발생 가능 한가요  
7,  땀 이 많이 나 서 목욕 도 매일 하 는 데 매일 해서 몸 이 중금속 중독 될까봐 걱정 입니다 .  
2,  싱크대 에서 녹물 이 나오 는데요 . 화장실 은 이상 없 고요 . 싱크대 에서 도 찬물 은 이상 없 습니다 . 근데 온수 에서 만 녹물 이 나옵니다 .  
7,  세 수다 하 고 나 니 녹물 나오 는 걸 안 거 죠  
7,  녹물 을 자주 마시 면 어찌 되 나요 ? 집 수돗물 상태 가 별로 인 거 같 아요 .  
5,  배관 청소 하 면 녹물 이 안 나올까요 ?  
6,  녹물 안 나오 게 하 는 방법 좀 알려 주 세요  
2,  찬물 보다 뜨거운 물 을 틀 면 녹물 이 더 많이 나옵니다 며칠 째 계속 그러 는데 어떻게 해야 할까요 . .?  
5,  녹물 이 나오 기 시작 하 더라고요 . . 대체 . . 왜 그러 는 건지 알 수 가 없 습니다 . 리 모델링 을 하 기 전 에 는 녹물 을 보 지 못했 는데 . . 공사 를 잘못 한 건가요 아님 무슨 이유 인지 . . 아 시 는 분 들 있 으시 면 답변 부탁 드립니다 . .  
7,"  설거지 , 세수 랑 샤워 는 꼭 온수 로 하 는데 녹물 이 섞인 온수 를 계속 사용 해도 건강 에 는 지장 이 없 는 지 알 고 싶 어요 .  "
7,  녹물 로 씻 으면 어떻게 되 죠 ?  
3,  옷 에 묻 은 녹물 지우 는 방법  
7,  수도 에서 녹물 이 나와요 아침 에 물 을 틀 면 항상 녹물 이 나옵니다 . 음식 을 만들 때 씻 어 먹 고 하 는데 이거 괜찮 은 걸 까요 ?  
5,  보일러 녹물 원인 이 뭔가요 ?  
7,  물 을 틀 면 녹물 이 더 심해요 . . 계속 사용 해도 몸 속 엔 아무 이상 이 없 는지요 .  
3,  옷 에 녹물 이 묻 었 는데 녹물 지울 수 있 는 방법 없 나요  
7,  이 상처 사이 로 녹물 이 들어가 면 어떻게 되 는 겁니까 ?  
2,  온수기 자체 에서 녹물 이 발생 가능 한가요  
2,  온수 만 틀 면 나오 는 노란 물 . .. 녹물 인가요  
5,  수도 에서 녹물 이 나왔 는데 틀 다 보 면 녹물 이 안 나옵니다 .  
3,  옷 에 녹물 이 묻 었 을 때 쉽 고 빨리 지우 는 방법  
7,  아이 가 수돗물 에 녹물 을 먹 거나 씻 으면 위험 하 죠 ?  
7,  녹물 나오 다가 점점 옅 어 지 더니 검 은 가루 도 나오 더라구요 . 한 15 분 틀 어 놨는데 왼쪽 이 생수 오른쪽 이 수돗물 인데요 . 사진 상 으로 는 둘 다 깨끗 해 보이 는데 실제로 는 오른쪽 수돗물 이 아주 옅 은 색 이 거든요 . 이제 사용 해도 되 려나요 ? 설거지 를 해도 되 는지 . .. 내일 아침 밥 할 때 나 국 끓일 때 수돗물 사용 하 는 데 괜찮 으려나 요 ?  
1,  보일러 녹물 제거 청소 하 는 법 좀 알려 주 세요  
2,  온수 를 틀 면 녹물 이 나오 더라고요  
2,  온수 에서 심한 녹물 보일러 a / s 받 으면 괜찮 을까요 ? 배관 문제 면 교체 를 바닥 에 있 는 온수 파이프 를 교체 해야 하 나요 ? ?  
5,  수도 에서 녹물 이 일 주일 정도 전 부터 계속 녹물 이 나옵니다 어디 가 문제 일지 예측 이 안 되 네요  
6,  녹물 제거 방법 은 어떻게 되 는지 알 고 싶 습니다 .  
6,  녹물 제거 방법 에 대해 알려 주 세요 .  
2,  온수 에서 쇠 가 루나 녹물 이 나올 때 가 있 는데 지금 지역난방 온수 노후 로 배관 교체 한다는 데 교체 하 면 쇠 가 루나 녹물 안 나올까요 ?  
7,  수돗물 마시 면 않 되 는 이유 가 뭘까요 ?  
7,  녹물 먹 으면 어떻게 되 나요 ?  
3,  흰 니트 에 녹물 제거 방법 좀 알려 주 세요 .  
3,  수산화 나트륨 바지 에 녹물 이 제거 되 나요 ?  
7,  물 색깔 이 이상 한 물 로 질 을 닦 앗 는데 갠 찬 을까요 ? ? 약간 녹슨 물 ~ 나중 에 병 이 오 지 않 을까요 ~  
7,"  오래 된 수 도 배관 일 경우 수돗물 ( 녹물 , 석회 등 ) 알 러지 ( 피부 발진 ) 가 있 어 항상 연수 기 를 사용 합니다 . 자주 고장 이 나 서 세면 이나 샤워 하 기 가 불안 힙 니다 . 피부 만 이렇게 예민 하 지 않 으면 이렇게 까지 걱정 은 안 할 텐데 얼굴 에 너무 심하 게 문제 가 생깁니다 .  "
3,  흰옷 녹물 제기 하 는 법 은 어떻게 되 는지 알 고 싶 습니다 .  
2,  와 이셔 스에 녹물 묻 은 거 빼 는 법 ?  
5,  붉 은 수 도 물 원인 이 뭐 죠 ?  
7,  수도 물 그냥 마셔도 돠 는지 궁금 합니다 ?  
6,  버스전용차로 안내 표지판 녹물 제거  
7,  녹물 성분 이 블루베리 열매 를 먹 었 을 때 인체 에 해로움 은 없 는지요 ?  
7,  붉 은 수돗물 이 나오 는데 그 물 로 씻 는 것 이 몸 에 많이 해 로 울 까요 ㅠㅠ ?  
3,  의류 에 녹 묻 은 것 제거 방법 에 대해 알려 주 세요 .  
3,  의류 에 녹 묻 은 것 제거 방법 이 궁금 합니다 .  
3,  의류 에 물든 녹물 어떻게 빼 나요 ㅠ  
5,  수도 에서 녹물 이 나오 는데 옆집 에 물 어 보 니 그 집 도 그렇 다  
2,  녹물 이 찬물 에서 는 안 나오 고 뜨거운 물 에서 만 나오 는데 이유 가 뭔가요 ?  
1,  보일 러안 에서 물 이 고여서 녹 이 생기 고 부식 되 어 녹물 이 흘러 내립니다 .  
1,  보일러 배관 및 수도 배관 을 청소 하 였 는데 왜 이렇게 오 염수 가 많이 나올까요 ?  
7,  보일러 온 수통 물 로 이 를 닦 고 세수 하 고 샤워 하 고 음식 도 만들 었 습니다 .  
6,"  붉은색 ( 녹물 처럼 ) 끼여 있 는데 , 어떤 원인 에 생기 는 것 인지 , 제거 할 수 있 는 방법 을 좀 알려 주 세요  "
5,  ( 녹물 처럼 ) 보이 는데 어떤 원인 에서 발생 하 는지 궁금 합니다 .  
4,  목욕탕 물 전체 를 녹물 안 나오 게 하 는 정수기 정말 있 는지요 있 다면 구입 하 겠 으니 알려 주 십시요  
4,  오래 됀 아파트 목욕탕 녹물 나오 는데 안 나오 게 하 는 정수기 있 는지요 ?  
1,  보일러 배관 청소 할 때 나오 는 시커먼 물 은 본체 에서 나오 는 건가요 ?  
4,  수도 녹물 나오 는데 식수 는 않 되 드라도 어떤 정수기 를 달 면 목욕 이나 세탁 할 수 있 을까요  
3,  청바지 에 묻 은 녹수 물 오일 어떻게 제거 해요 ?  
2,  뜨거운 물 나오 는 쪽 이 항시 녹물 이 또 몇 일 사용 안 하 면 또 그러 구 무슨 이유 에서 인가요  
6,  타일 에 묻 은 녹물 제거 방법 을 알 고 싶 습니다 .  
3,  셔츠 녹 제거 세제 할 수 있 는 세제 가 있 을까요 ?  
3,  힌 옷 에 묻 은 녹물 제거 알 고 싶 어요  
2,  온수 에서 초록색 물 이 나와요  
3,  옷 에 녹물 이 들 었 는데 빼 는 방법 있 습니까 ?  
3,"  수도꼭지 에서 나온 물 은 어떤 성분 일지 말씀 해 주 시 고 , 어떻게 하 면 얼룩 을 지울 수 있 는지 의견 들려 주 세요 .  "
7,  녹물 을 장기간 먹 으면 무슨 병 이 생기 나요 ?  
3,  흰옷 에 녹물 이 졌 습니다 .  
3,  옷 에 쇳물 지우 려면 방법 좀 요 ?  
3,  흰색 티셔츠 에 쇠 녹물 자국 이 있 는데 제거 법 좀 알려 주 세요 ?  
7,  녹슨 물 을 모르 고 자주 마시 게 되 면 인체 영향 좀 알려 주 세요  
3,  흰옷 이 녹물 로 노랗 게 변했 는데 해결 방안 은 ?  
3,  옷 에 묻 은 녹물 제거 방법 은 어떻게 되 는지 알 고 싶 습니다 .  
6,  녹물 제거 하 는 법 에 대해 알려 주 세요 .  
3,  청바지 녹물 빼 는 법 에 대해 알려 주 세요 .  
5,  욕실 물 색 이 이상 하 네요 . . 왜 이럴까 요  
2,  수도 온 수 가 탁하 게 나옴  
1,  일러 한 번 터졌 는데 엄청 빨갛 더라고요 . 녹물 처럼 . . 이게 물 이 안 에 오래 들어가 있 어서 그런 건지 . . 아니 면 물 이 오래 된 게 아니 라 배관 이 녹슬 어서 그런 건지 궁금 하 네요 .  
6,  건물 외벽 도시 가스 배관 녹물 로 대리석 이 얼룩졌 는데 지우 는 약품 어떤 게 있 나요  
7,  녹물 같 은데 계속 씻 어도 될까요 ?  
2,  뀌 뚜 라미 온수기 인데요 벌 얼 건 녹물 이 나옵니다 바뀌 야 되 는지 수리 가 되 는지요 ?  
2,  온수 를 틀 면 녹물 이 나와요  
2,  온구 탱크 녹물 없애 는 법 이 궁금 합니다  
6,  돌 에 녹슨 거 지우 는 방법 은 어떻게 되 는지 알 고 싶 습니다 .  
3,  옷 에 녹 제거 방법 을 알 고 싶 습니다 .  
6,  욕조 에 쇠 제품 을 놓아두 었 더니 녹물 이 들 었 는데 녹물 제거 방법 좀 알려 주 세요  
6,  대리석 녹물 제거 방법 은 어떻게 되 는지 알 고 싶 습니다 .  
4,  세면기 에서 녹물 이 나올 때 필터 랑 해서 녹 제거 하 는 제품 있 나요  
6,  이불 에 녹물 빼 는 법 에 대해 알려 주 세요 .  
7,  변기 에 있 는 녹물 이 생식기 에 튀 었 어요 ㅠㅠ 혹시 질병 이나 파상풍 의 위험 이 있 나 싶 어서요 ㅠㅠ 생식기 가 쪼금 따가운 거 같 은데 녹물 때문 인가요 ㅠ  
3,  옷 에 벤 녹물 제거 법 알 고 싶 습니다  
3,  녹슨 천 녹 없애 는 방법 에 대해 알려 주 세요 .  
6,  지하 주차장 배관 에서 녹물 이 떨어져 판넬 에 얼룩 이 생겨 제거 를 하 는 방법 을 알 고 싶 습니다 .  
3,  흰 먼 티셔츠 에 녹물 빼 는 방법 ?  
7,  녹물 이 연하 게 나오 는데 이 물 로 계속 양치 해도 건강 에 지장 이 없 을까요 ?  
6,  타 일면 에 녹물 제거 방법 ?  
7,  양치 세수 머리 감고 설거지 했 고 이젠 물 도 끓여야 하 는 데 어쩌 죠 ? 흙 수돗물 로 사용 하 다가 병 걸리 는 거 아니 에요 ?  
3,  흰옷 에 얼룩진 놋 물 제거 하 는 방법 ?  
3,  바지 에 잉크 지우 는 것 알려 주 세요 ?  
6,  연통 을 타 고 녹 물 이 비닐 바닥 에 떨 어 저 지워 지 지 않 는데 어떻게 방법 없 나요 ?  
3,  옷 에 묻 은 어 룩 이 지우 는 법 ?  
1,  증기 보일러 증기 적 색 녹물 이 유 ?  
1,  증기 보일러 증기 적 색 배관 내부 녹물 이 유 ?  
3,  옷 에 밴 녹물 없애 는 법 ?  
6,  타 이루 에 묻 은 녹물 빼 는 법  
3,  백바지 녹물 제거 방법 ?  
3,  모자 에 묻 은 녹물 제거 방법  
2,  온수 이물질 은 수도 배관 청소 를 하 면 해결 되 는지 ?  
6,  손 에 녹물 어떻게 해야 지워 질까 요 ㅜㅜ  
3,  옷 에 녹 이 묻 었 는데 어떻게 빼 야 하 나요 ?  
7,  녹물 끓여서 마시 면 몸 에 어떤 이상 이 생기 는지 궁금 합니다  
6,  양변기 에 녹물 이 베 었 는데 빼 는 방법 은 무엇 일까요 ?  
6,  차량 표면 에 건물 천정 시멘트 녹물 흔적 지우 는 방법 알려 주 세요 ?  
6,"  타일 녹물 제거 방법 ? 없 나요 , ?  "
5,  차 미온 이 온수기 ? 녹물 은 왜 나오 는 건가요 ?  
7,  수돗물 먹 으면 왜 않 좋 나요 ?  
5,  보일러 온수 를 틀 어는 데 물 색 이 이렇 네요 . 왜 그럴까요 ?  
6,  씽크 대 상판 에 오래된 녹물 지우 는 방법 좀 알려 주 세요  
2,  대성 셀틱 보일러 온수 녹물 ?  
3,  화장실 녹물 제거 어찌 해야 되 나요 ㅜㅜ  
6,  스텐 렌스 녹물 제거 ? 방법  
2,  급탕 에 녹물 이 자주 나오 는데 원인 을 모르 겠 습니다 .  
6,  화장실 세면대 녹 얼룩 을 없애 는 방법 이 궁금 합니다 .  
3,  옷 에 녹 이 무더기 로 묻 었 는데 옷 이 원 상태 로 될까요 ?  
7,  녹 이 인체 에 어떻게 안 좋 은 건가 여 ?  
5,  녹물 이 나오 는 이유 는 먼 가요 ?  
2,  온수 에 녹물 이 나오 곤 하 는데 매우 궁금 합니다  
6,"  녹물 이 심할 경우 어떻 게 해야 는지 이 분야 에 아 시 는 분 , 알려 주 세요  "
3,  빨래 에 누른 녹물 자국 이 옷 마다 얼룩이  
3,  흰 바지 에 녹슨 가루 가 묻 었 을 때 어떻게 하나 요  
3,  청소 를 하 다 옷 에 녹물 ? 이 묻 었 네요 . 어떻게 없애 나요 ?  
7,  수도 물 그냥 마시 면 절대 안 되 는지  
3,  옷 에 묻 믄 녹물 제거 법 ?  
7,  천연 탄산 약수 물 을 20 L 떠 왔 는데 3 일 지나 니 녹물 이 보이 는 데 마셔도 되 는지요  
7,  구리 녹물 을 음용 하 였을 때 몸 에 어떤 부작용 이 있 는지 궁금 합니다  
1,  나비 엔 순간온수기 녹물 . 온수기 자체 에서 녹물 이 발생 가능 한가요 .  
2,  온수 에서 녹물 이 나오 는 관계 로 배관 청소 를 해야 할 것 같 긴 한데 . . 1 . 온수 녹물 발생 시 배관 뿐 만 아니 라 온 수통 도 바꾸 어 주 는 게 나 은 선택 인가요 ? ?  
6,  신발 에 녹물 제거 하 는 방법  
1,  나비 엔 순간온수기 녹물 . 온수기 자체 에서 녹물 이 발생 가능 한가요 .  
7,  양치 하 고 있 었 는데 녹물 인네 흙탕물 인지 는 모르 겠 는데 그게 나오 더라고요 입 우로 행구 던 도중 알 아 가지 고 요 한 3 ~ 4 행구 다가 알 아 가지 고 요 좀 삼킴 거 같 은데 그리고 바로 행구 긴 했 어요 ㅠㅠㅠ 부모 님 에서 는 공사 하 다가 잠 건 나온 거 라고 하 는 데 어떻하 져 . ... 저 병원 에 가 야 되 는지 철분 이 둘 어 갈 수 있 우니  
7,  녹물 로 씻 으면 어떻게 되 나요 ?  
3,  붉 은 녹물 에 의한 옷 얼룩 제거 방법 빨래 중 붉 은 녹물 이 나와서 흰옷 들 이 죄다 얼룩졌 습니다 . 어떻게 제거 하 나요 ?  
1,  온수 에서 녹물 이 나오 는데 이유 가 뭘까요 ? ?  
4,  욕실 녹물 제거 필터 추천 해 주 세요  
6,  녹물 나오 는 샤워기 . . 녹물 제거 좋 은 방법 없 을까요 ?  
1,  온수기 자체 에서 녹물 이 발생 가능 한가요  
5,  냉 수관 은 갈 은지 얼마 안 됐 어요 근데 녹물 이 나오 는데 뭐 가 문제 일까요 ㅠㅠ . .?  
4,  녹물 과 잔류 염소 제거 되 는 샤워 필터 뭐 가 괜찮 은지 샤워 필터 추천 부탁드릴께요  
4,  욕실 녹물 제거 필터 어떤 게 좋 아요 ? ?  
2,  월세 집 에서 녹물 월세 집 에서 녹물 이 나와요 근데 눈 으로 봤 을 땐 물 은 투명 한 데 이럴 경우 에 도 연락 하 면 해결 방법 이 있 을까 여  
3,  옷 에 묻 은 녹물 지우 는 법  
6,  욕실 녹물 제거 하 는 방법 좀 알려 주 세요  
7,  3 ~ 4 일 녹물 로 샤워 하 고 샴푸 했 다고 탈모 가 오 진 않 겠 죠 ? ?  
7,  전세 거주 중 에 녹물 발생 하 는 현상 을 발견 하 고 해결책 을 찾 다가 피부 발진 및 스트레스 로 도저히 정상 적 인 생활 을 할 수 가 없 을 것 같 아  
2,  온수 를 틀 어 봤 는데 냉수 일 때 는 멀쩡 하 다가 갑자기 녹물 이 나오 더라고요 . .. 녹물 다 빼 면 사용 해도 되 는 물 일까요 ?  
7,  녹물 에 담겨 있 던 주걱 으로 밥 을 퍼서 먹 었 는데 괜찮 은가요 ?  
3,  옷 에 녹물 같 은 게 묻 었 는데 세탁소 에서 지울 수 있 나요 ? ?  
4,  리빙 드 홈 녹물 제거 샤워기 도움 될까요 ?  
5,  녹물 원인 과 해결 방법 문 의 드립니다 .  
6,  어떻게 녹물 을 없애 야 하 나요 ?  
7,  오래 된 아파트 여서 수돗물 에서 녹물 이 조금 나오 는 걸로 의 심이 되 는 데 끓여서 먹 어도 되 는지 ?  
4,  싱크대 녹물 필터 를 사용 하 려고 합니다 . 헤드 는 어느 필터 를 사용 해야 하 나요 ? ?  
7,  녹물 묻 어 있 는 세탁기 로 빨래 를 한다면 많이 안 좋 을까요 ?  
2,  수돗물 에서 녹물 이나 이 물질 이 나오 면 어떻게 해야 하 나요 온수기 자체 에서 녹물 이 발생 가능 한가요 .  
7,  20 년 이상 된 빌라 간혹 녹물 이 나오 긴 하 는데요 . 이 물 5 년 째 끓여서 먹 는데 아무 이상 없 겠 죠 ㅠㅜ  
6,  욕실 바닥 녹물 자국 어떻게 없애 나요 ?  
5,  아파트 녹물 원인 을 찾 고 싶 습니다 공용 배관 과 세대 내부 배관 2 가지 에서 무조건 원인 이 있 게 마련 인가요 ?  
6,  온수 를 틀 면 3 초 정도 뒤 에 녹물 이 잠시 나왔 다가 사라집니다 어떻게 수리 를 해야 할까요 ?  
3,  흰색 티 에 쇠 녹물 이 묻 었 어요 ㅜ드라이맡겨봐야 소용없 다는 데 방도 가 없 을까요 ㅜ  
6,  수돗물 에서 녹물 이 너무 많이 나와요 필터 를 일 주일 에 한 번 씩 교체 할 수 도 없 고 방법 이 없 나요 ㅜㅜ  
2,  온수기 자체 에서 녹물 이 발생 가능 한가요 .  
4,  녹물 나오 는 집 인데 비데 구입 하 고 싶 어요 아니면 녹물 제거 해 주 는 필터 가 장착 되 있 는 것 도 있 나요 ?  
5,  싱크대 에서 녹물 이 나오 는 이유 와 해결 방법  
5,  녹물 이 나오 는 원인 이 뭘까요 ?  
2,  온수기 자체 에서 녹물 이 발생 가능 한가요 .  
6,  보일러 배관 청소 ( 녹물 제거 ) 하 고 싶 은데 분 배기 가 없 을 경우 어떻게 청소 하 나요 ? ?  
2,  온수기 자체 에서 녹물 이 발생 가능 한가요 .  
4,  녹물 샤워 필터 살 라는데 어떤 게 괜찮 아요 ?  
7,  화장실 녹물 몸 에 닿 으면 안 좋 나요 ?  
5,  하루 정도 사용 안 하 면 또 녹물 이 약간 나오 고 길 게 사용 안 할 때 만 녹물 이 나오 는 듯 한데 왜 그럴까요 ?  
1,  보일러 연통 부분 녹물 ? 나오 는 거 질문 드려요 . 사진 처럼 저 부분 에서 뭐 가 나오 는 건지 어떤 게 문제 인지 알 수 있 을까요 ?  
1,  보일러 온수 에서 녹물 이 나와요  
1,  보일러 온수 쪽 으로 방향 을 돌려서 물 을 틀 경우 약 10 초 정도 후 녹물 이 눈 에 보이 게 약 5 초 정도 나옵니다 .  
7,  제 가 자취방 에 사 는데요 가끔 녹물 이 나오 다가 한 5 초 ~ 10 초 정도 흘려 보내 면 또 안 나오 고 그러 네요 . .. 그냥 흘려 보낸 후 사용 해도 문제 없 나요 ?  
6,  혹시 아파트 녹물 해결 방법 아 시 는 분 도와 주 세요 ~ ㅠㅠ  
7,  끓여 먹 는 건 괜찮 은 건가요 ?  
3,  옷 이 다 녹물 이 묻 었 어요 ㅠㅠ 해결 할 방법 이 있 을까요 ? ?  
2,  샤워기 녹물 샤워기 로 온 수 틀 면 녹물 이 6 초 가량 나오 는데요 . 오래 동안 안 틀 다가 틀 었 을 때 샤워기 문제 인가요 배관 문제 인가요  
6,  지하수 녹물 제거 방법 요 지하수 녹물 제거 방법 가르쳐 주 세요  
2,  싱크대 는 녹물 이 안 나오 고 화장실 온수 에서 만 녹물 이 나옵니다  
4,  샤워기 필터 나 녹물 제거 샤워기 헤드 어느 게 좋 은 지 자세히 알 고 계시 는 분 답변 부탁드릴께요 .  
